Profile Name,Start Time,Duration,Attributes,Title,Supplemental Video Type,Device Type,Bookmark,Latest Bookmark,Country
Basement,6/12/2023 16:20,1:05:23,,Manifest: Season 4: Final Boarding YERRRRRR,,,,,US(United States)
Basement,6/12/2023 16:20,0:52:47,,Manifest: Season 4: Formation,,,,,US(United States)
Basement,6/8/2023 15:10,0:52:47,,Manifest: Season 4: Lift/Drag,,,,,US(United States)
Basement,6/7/2023 17:27,0:52:47,,Manifest: Season 4: Threshold,,,,,US(United States)
Basement,6/7/2023 16:29,0:52:47,,Manifest: Season 4: Furball,,,,,US(United States)
Basement,6/5/2023 13:50,0:52:47,,Manifest: Season 4: Throttle,,,,,US(United States)
Basement,6/5/2023 12:12,0:52:47,,Manifest: Season 4: Fata Morgana,,,,,US(United States)
Basement,6/5/2023 11:20,0:52:47,,Manifest: Season 4: Ghost Plane,,,,,US(United States)
Basement,6/2/2023 18:34,0:52:47,,Manifest: Season 4: Bug Out,,,,,US(United States)
Basement,6/2/2023 17:30,0:52:47,,Manifest: Season 4: Final Descent,,,,,US(United States)
Basement,5/26/2023 17:30,0:47:23,,You: Season 3: What Is Love?,,,,,US(United States)
Basement,5/26/2023 17:30,0:47:23,,You: Season 3: Red Flag,,,,,US(United States)
Basement,5/26/2023 17:30,0:47:23,,You: Season 3: Swing and a Miss,,,,,US(United States)
Basement,5/25/2023 17:30,0:47:23,,You: Season 3: We're All Mad Here,,,,,US(United States)
Basement,5/19/2023 17:30,0:47:23,,You: Season 3: W.O.M.B.,,,,,US(United States)
Basement,5/18/2023 17:30,0:47:23,,You: Season 3: Into the Woods,,,,,US(United States)
Basement,5/17/2023 17:30,0:47:23,,You: Season 3: Hands Across Madre Linda,,,,,US(United States)
Basement,5/10/2023 17:30,0:47:23,,You: Season 3: Missing White Woman Syndrome,,,,,US(United States)
Basement,5/10/2023 17:30,0:47:23,,You: Season 3: So I Married an Axe Murderer,,,,,US(United States)
Basement,4/29/2023 17:30,0:47:23,,You: Season 3: And They Lived Happily Ever After,,,,,US(United States)
Basement,4/29/2023 17:30,0:47:23,,"You: Season 2: Love, Actually",,,,,US(United States)
Basement,4/28/2023 17:30,0:47:23,,You: Season 2: P.I. Joe,,,,,US(United States)
Basement,4/28/2023 17:30,0:47:23,,You: Season 2: Fear and Loathing in Beverly Hills,,,,,US(United States)
Basement,4/28/2023 17:30,0:47:23,,You: Season 2: Ex-istential Crisis,,,,,US(United States)
Basement,4/28/2023 17:30,0:47:23,,"You: Season 2: Farewell, My Bunny",,,,,US(United States)
Basement,4/28/2023 17:30,0:47:23,,"You: Season 2: Have a Good Wellkend, Joe!",,,,,US(United States)
Basement,3/23/2023 17:30,0:29:56,,"Sister, Sister: Slumber Party",,,,,US(United States)
Basement,3/23/2023 17:30,0:29:56,,"Sister, Sister: First Dates",,,,,US(United States)
Basement,3/23/2023 17:30,0:29:56,,"Sister, Sister: The Meeting",,,,,US(United States)
Basement,3/19/2023 17:30,0:52:34,,Outer Banks: Season 3: Secret of the Gnomon,,,,,US(United States)
Basement,3/19/2023 17:30,0:52:34,,Outer Banks: Season 3: Welcome to Kitty Hawk,,,,,US(United States)
Basement,3/18/2023 17:30,0:52:34,,Outer Banks: Season 3: Tapping the Rudder,,,,,US(United States)
Basement,3/18/2023 17:30,0:52:34,,Outer Banks: Season 3: Happy Anniversary,,,,,US(United States)
Basement,3/18/2023 17:30,0:52:34,,Outer Banks: Season 3: The Dark Forest,,,,,US(United States)
Basement,3/18/2023 17:30,0:52:34,,Outer Banks: Season 3: Heists,,,,,US(United States)
Basement,3/18/2023 17:30,0:52:34,,Outer Banks: Season 3: The Diary,,,,,US(United States)
Basement,3/16/2023 17:30,0:52:34,,Outer Banks: Season 3: Fathers and Sons,,,,,US(United States)
Basement,3/16/2023 17:30,0:52:34,,Outer Banks: Season 3: The Bells,,,,,US(United States)
Basement,3/16/2023 17:30,0:52:34,,Outer Banks: Season 3: Poguelandia,,,,,US(United States)
Basement,3/15/2023 17:30,0:52:34,,Outer Banks: Season 2: The Coastal Venture,,,,,US(United States)
Basement,3/15/2023 17:30,0:52:34,,Outer Banks: Season 2: Trapped,,,,,US(United States)
Basement,3/15/2023 17:30,0:52:34,,Outer Banks: Season 2: The Cross,,,,,US(United States)
Basement,3/15/2023 17:30,0:52:34,,Outer Banks: Season 2: The Bonfire,,,,,US(United States)
Basement,3/13/2023 17:30,0:52:34,,Outer Banks: Season 2: My Druthers,,,,,US(United States)
Basement,3/11/2023 17:30,0:52:34,,Outer Banks: Season 2: The Darkest Hour,,,,,US(United States)
Basement,3/11/2023 17:30,0:52:34,,Outer Banks: Season 2: Homecoming,,,,,US(United States)
Basement,3/11/2023 17:30,0:52:34,,Outer Banks: Season 2: Prayers,,,,,US(United States)
Basement,3/11/2023 17:30,0:52:34,,Outer Banks: Season 2: The Heist,,,,,US(United States)
Basement,3/11/2023 17:30,0:52:34,,Outer Banks: Season 2: The Gold,,,,,US(United States)
Basement,3/9/2023 17:30,0:52:34,,Outer Banks: Season 1: The Phantom,,,,,US(United States)
Basement,3/9/2023 17:30,0:52:34,,Outer Banks: Season 1: The Bell Tower,,,,,US(United States)
Basement,3/9/2023 17:30,0:52:34,,Outer Banks: Season 1: The Runway,,,,,US(United States)
Basement,3/8/2023 17:30,0:52:34,,Outer Banks: Season 1: Dead Calm,,,,,US(United States)
Basement,3/8/2023 17:30,0:52:34,,Outer Banks: Season 1: Parcel 9,,,,,US(United States)
Basement,3/8/2023 17:30,0:52:34,,Outer Banks: Season 1: Midsummers,,,,,US(United States)
Basement,3/8/2023 17:30,0:52:34,,Outer Banks: Season 1: Spy Games,,,,,US(United States)
Basement,3/6/2023 17:30,0:52:34,,Outer Banks: Season 1: The Forbidden Zone,,,,,US(United States)
Basement,3/6/2023 17:30,0:52:34,,Outer Banks: Season 1: The Lucky Compass,,,,,US(United States)
Basement,3/6/2023 17:30,0:52:34,,Outer Banks: Season 1: Pilot,,,,,US(United States)
Basement,3/1/2023 17:30,0:41:54,,The 100: Season 3: Ye Who Enter Here,,,,,US(United States)
Basement,3/1/2023 17:30,0:41:54,,The 100: Season 3: Wanheda: Part 2,,,,,US(United States)
Basement,2/28/2023 17:30,0:41:54,,The 100: Season 3: Wanheda: Part 1,,,,,US(United States)
Basement,2/28/2023 17:30,0:41:54,,The 100: Season 2: Blood Must Have Blood: Part 2,,,,,US(United States)
Basement,2/27/2023 17:30,0:41:54,,The 100: Season 2: Blood Must Have Blood: Part 1,,,,,US(United States)
Basement,2/24/2023 17:30,0:41:54,,The 100: Season 2: The 48,,,,,US(United States)
Basement,2/24/2023 17:30,0:41:54,,The 100: Season 1: We Are Grounders: Part II,,,,,US(United States)
Basement,2/22/2023 17:30,0:41:54,,The 100: Season 1: Day Trip,,,,,US(United States)
Basement,2/13/2023 17:30,0:47:23,,"You: Season 2: The Good, the Bad, & the Hendy",,,,,US(United States)
Basement,2/13/2023 17:30,0:47:23,,You: Season 2: What Are Friends For?,,,,,US(United States)
Basement,2/13/2023 17:30,0:47:23,,You: Season 2: Just the Tip,,,,,US(United States)
Basement,2/13/2023 17:30,0:47:23,,You: Season 2: A Fresh Start,,,,,US(United States)
Basement,2/6/2023 17:30,1:57:43,,You People,,,,,US(United States)
Basement,1/21/2023 17:30,0:57:32,,Bridgerton: Season 1: Diamond of the First Water,,,,,US(United States)
Basement,1/19/2023 17:30,0:55:43,,Ginny & Georgia: Season 2: I'm No Cinderella,,,,,US(United States)
Basement,1/19/2023 17:30,0:55:43,,Ginny & Georgia: Season 1: The Worst Betrayal Since Jordyn and Kylie,,,,,US(United States)
Basement,1/18/2023 17:30,0:55:43,,Ginny & Georgia: Season 2: Kill Gil,,,,,US(United States)
Basement,1/18/2023 17:30,0:55:43,,Ginny & Georgia: Season 2: Hark! Darkness Descends!,,,,,US(United States)
Basement,1/18/2023 17:30,0:55:43,,Ginny & Georgia: Season 2: Let Us Serenade the Sh*t Out of You,,,,,US(United States)
Basement,1/18/2023 17:30,0:55:43,,"Ginny & Georgia: Season 2: Welcome Back, Bitches!",,,,,US(United States)
Basement,1/9/2023 17:30,0:55:43,,Ginny & Georgia: Season 1: Feelings Are Hard,,,,,US(United States)
Basement,1/9/2023 17:30,0:55:43,,"Ginny & Georgia: Season 1: Check One, Check Other",,,,,US(United States)
Basement,1/7/2023 17:30,0:55:43,,"Ginny & Georgia: Season 1: Happy Sweet Sixteen, Jerk",,,,,US(United States)
Basement,1/7/2023 17:30,0:55:43,,Ginny & Georgia: Season 1: I’m Triggered,,,,,US(United States)
Basement,1/7/2023 17:30,0:55:43,,"Ginny & Georgia: Season 1: Boo, Bitch",,,,,US(United States)
Basement,1/6/2023 17:30,0:55:43,,Ginny & Georgia: Season 1: Lydia Bennet Is Hundo a Feminist,,,,,US(United States)
Basement,1/6/2023 17:30,0:55:43,,Ginny & Georgia: Season 1: Next Level Rich People Sh*t,,,,,US(United States)
Basement,1/6/2023 17:30,0:55:43,,Ginny & Georgia: Season 1: It's a Face Not a Mask,,,,,US(United States)
Basement,1/6/2023 17:30,0:55:43,,Ginny & Georgia: Season 1: Pilot,,,,,US(United States)
Basement,1/5/2023 17:30,1:05:34,,Midnight Mass: Limited Series: Book VII: Revelation,,,,,US(United States)
Basement,1/5/2023 17:30,1:05:34,,Midnight Mass: Limited Series: Book VI: Acts of the Apostles,,,,,US(United States)
Basement,1/4/2023 17:30,1:05:34,,Midnight Mass: Limited Series: Book V: Gospel,,,,,US(United States)
Basement,1/4/2023 17:30,1:05:34,,Midnight Mass: Limited Series: Book IV: Lamentations,,,,,US(United States)
Basement,1/4/2023 17:30,1:05:34,,Midnight Mass: Limited Series: Book III: Proverbs,,,,,US(United States)
Basement,1/2/2023 17:30,1:05:34,,Midnight Mass: Limited Series: Book II: Psalms,,,,,US(United States)
Basement,12/31/2022 17:30,1:05:34,,Midnight Mass: Limited Series: Book I: Genesis,,,,,US(United States)
Basement,12/9/2022 17:30,0:52:47,,Manifest: Season 4: Touch-and-Go,,,,,US(United States)
Basement,11/13/2022 17:30,0:52:47,,Manifest: Season 4: Inversion Illusion,,,,,US(United States)
Basement,11/13/2022 17:30,0:52:47,,Manifest: Season 4: Rendezvous,,,,,US(United States)
Basement,11/12/2022 17:30,0:52:47,,Manifest: Season 4: Full Upright and Locked Position,,,,,US(United States)
Basement,11/11/2022 17:30,0:52:47,,Manifest: Season 4: Romeo,,,,,US(United States)
Basement,11/11/2022 17:30,0:52:47,,Manifest: Season 4: Relative Bearing,,,,,US(United States)
Basement,11/9/2022 17:30,0:52:47,,Manifest: Season 4: Squawk,,,,,US(United States)
Basement,11/8/2022 17:30,0:52:47,,Manifest: Season 4: Go-Around,,,,,US(United States)
Basement,11/6/2022 17:30,0:52:47,,Manifest: Season 4: High Flight,,,,,US(United States)
Basement,11/5/2022 17:30,0:52:47,,Manifest: Season 4: All-Call,,,,,US(United States)
Basement,10/26/2022 17:30,1:55:32,,Luckiest Girl Alive,,,,,US(United States)
Basement,10/24/2022 17:30,0:48:21,,The Watcher: Haunting,,,,,US(United States)
Basement,10/24/2022 17:30,0:48:21,,The Watcher: The Gloaming,,,,,US(United States)
Basement,10/24/2022 17:30,0:48:21,,The Watcher: Occam's Razor,,,,,US(United States)
Basement,10/24/2022 17:30,0:48:21,,The Watcher: Someone to Watch Over Me,,,,,US(United States)
Basement,10/19/2022 17:30,0:48:21,,The Watcher: Götterdämmerung,,,,,US(United States)
Basement,10/19/2022 17:30,0:48:21,,The Watcher: Blood Sacrifice,,,,,US(United States)
Basement,10/17/2022 17:30,0:48:21,,"The Watcher: Welcome, Friends",,,,,US(United States)
Basement,10/15/2022 17:30,0:55:28,,"DAHMER: Monster: The Jeffrey Dahmer Story: God of Forgiveness, God of Vengeance",,,,,US(United States)
Basement,10/15/2022 17:30,0:55:28,,DAHMER: Monster: The Jeffrey Dahmer Story: The Bogeyman,,,,,US(United States)
Basement,10/15/2022 17:30,0:55:28,,DAHMER: Monster: The Jeffrey Dahmer Story: Lionel,,,,,US(United States)
Basement,10/14/2022 17:30,0:55:28,,DAHMER: Monster: The Jeffrey Dahmer Story: Cassandra,,,,,US(United States)
Basement,10/13/2022 17:30,0:55:28,,DAHMER: Monster: The Jeffrey Dahmer Story: Silenced,,,,,US(United States)
Basement,10/12/2022 17:30,2:46:58,,Blonde,,,,,US(United States)
Basement,10/12/2022 17:30,0:55:28,,DAHMER: Monster: The Jeffrey Dahmer Story: Blood On Their Hands,,,,,US(United States)
Basement,10/11/2022 17:30,0:55:28,,DAHMER: Monster: The Jeffrey Dahmer Story: The Good Boy Box,,,,,US(United States)
Basement,10/11/2022 17:30,0:58:00,,The Midnight Club: The Final Chapter,,,,,US(United States)
Basement,10/10/2022 17:30,0:55:28,,DAHMER: Monster: The Jeffrey Dahmer Story: Doin' A Dahmer,,,,,US(United States)
Basement,10/9/2022 17:30,0:55:28,,DAHMER: Monster: The Jeffrey Dahmer Story: Please Don't Go,,,,,US(United States)
Basement,10/9/2022 17:30,0:55:28,,DAHMER: Monster: The Jeffrey Dahmer Story: Episode One,,,,,US(United States)
